Experiment,Student,Date.start,Date.end,Location,Structure,Fouling,Cup.weigth.empty.g,Total.weight.wet.g,Total.weight.dry.g,Difference.g,Comments
Spatial variation,Emilia Rizzi,,,Pilli Pipa,1,Barnacles,3.1,,16.6,13.5,
Spatial variation,Emilia Rizzi,,,Pilli Pipa,1,Brown algae,3.5,,3.6,0.1,
Spatial variation,Emilia Rizzi,,,Pilli Pipa,1,CCA,3.4,,5.6,2.2,
Spatial variation,Emilia Rizzi,,,Pilli Pipa,1,Cyanobacteria,#N/A,,#N/A,0,
Spatial variation,Emilia Rizzi,,,Pilli Pipa,1,Green algae,#N/A,,#N/A,0,
Spatial variation,Emilia Rizzi,,,Pilli Pipa,1,Mussels,#N/A,,#N/A,0,
Spatial variation,Emilia Rizzi,,,Pilli Pipa,1,Other,#N/A,,#N/A,0,
Spatial variation,Emilia Rizzi,,,Pilli Pipa,1,Soft Coral,#N/A,,#N/A,0,
Spatial variation,Emilia Rizzi,,,Pilli Pipa,1,Sponges,#N/A,,#N/A,0,
Spatial variation,Emilia Rizzi,,,Pilli Pipa,1,Tunicates,#N/A,,#N/A,0,
Spatial variation,Emilia Rizzi,,,Pilli Pipa,1,Turf,3.6,,8.2,4.6,
Spatial variation,Emilia Rizzi,,,Pilli Pipa,2,Barnacles,3.3,,50.8,47.5,
Spatial variation,Emilia Rizzi,,,Pilli Pipa,2,Brown algae,#N/A,,#N/A,0,
Spatial variation,Emilia Rizzi,,,Pilli Pipa,2,CCA,3.2,,6.6,3.4,
Spatial variation,Emilia Rizzi,,,Pilli Pipa,2,Cyanobacteria,3.2,,3.6,0.4,
Spatial variation,Emilia Rizzi,,,Pilli Pipa,2,Green algae,#N/A,,#N/A,0,
Spatial variation,Emilia Rizzi,,,Pilli Pipa,2,Mussels,#N/A,,#N/A,0,
Spatial variation,Emilia Rizzi,,,Pilli Pipa,2,Other,#N/A,,#N/A,0,
Spatial variation,Emilia Rizzi,,,Pilli Pipa,2,Soft Coral,#N/A,,#N/A,0,
Spatial variation,Emilia Rizzi,,,Pilli Pipa,2,Sponges,#N/A,,#N/A,0,
Spatial variation,Emilia Rizzi,,,Pilli Pipa,2,Tunicates,#N/A,,#N/A,0,
Spatial variation,Emilia Rizzi,,,Pilli Pipa,2,Turf,3.2,,7.2,4,
Spatial variation,Emilia Rizzi,,,Pilli Pipa,3,Barnacles,3.4,,19.5,16.1,
Spatial variation,Emilia Rizzi,,,Pilli Pipa,3,Brown algae,#N/A,,#N/A,0,
Spatial variation,Emilia Rizzi,,,Pilli Pipa,3,CCA,3.4,,5.6,2.2,
Spatial variation,Emilia Rizzi,,,Pilli Pipa,3,Cyanobacteria,3.3,,3.6,0.3,
Spatial variation,Emilia Rizzi,,,Pilli Pipa,3,Green algae,#N/A,,#N/A,0,
Spatial variation,Emilia Rizzi,,,Pilli Pipa,3,Mussels,#N/A,,#N/A,0,
Spatial variation,Emilia Rizzi,,,Pilli Pipa,3,Other,#N/A,,#N/A,0,
Spatial variation,Emilia Rizzi,,,Pilli Pipa,3,Soft Coral,#N/A,,#N/A,0,
Spatial variation,Emilia Rizzi,,,Pilli Pipa,3,Sponges,#N/A,,#N/A,0,
Spatial variation,Emilia Rizzi,,,Pilli Pipa,3,Tunicates,#N/A,,#N/A,0,
Spatial variation,Emilia Rizzi,,,Pilli Pipa,3,Turf,3.5,,7.5,4,
Spatial variation,Emilia Rizzi,,,Pilli Pipa,4,Barnacles,3.5,,15.4,11.9,
Spatial variation,Emilia Rizzi,,,Pilli Pipa,4,Brown algae,#N/A,,#N/A,0,
Spatial variation,Emilia Rizzi,,,Pilli Pipa,4,CCA,3.4,,4.8,1.4,
Spatial variation,Emilia Rizzi,,,Pilli Pipa,4,Cyanobacteria,3.1,,3.2,0.1,
Spatial variation,Emilia Rizzi,,,Pilli Pipa,4,Green algae,#N/A,,#N/A,0,
Spatial variation,Emilia Rizzi,,,Pilli Pipa,4,Mussels,3.3,,3.4,0.1,
Spatial variation,Emilia Rizzi,,,Pilli Pipa,4,Other,#N/A,,#N/A,0,
Spatial variation,Emilia Rizzi,,,Pilli Pipa,4,Soft Coral,#N/A,,#N/A,0,
Spatial variation,Emilia Rizzi,,,Pilli Pipa,4,Sponges,#N/A,,#N/A,0,
Spatial variation,Emilia Rizzi,,,Pilli Pipa,4,Tunicates,#N/A,,#N/A,0,
Spatial variation,Emilia Rizzi,,,Pilli Pipa,4,Turf,3.3,,4.9,1.6,
Spatial variation,Emilia Rizzi,,,Pilli Pipa,5,Barnacles,3.3,,7.5,4.2,
Spatial variation,Emilia Rizzi,,,Pilli Pipa,5,Brown algae,#N/A,,#N/A,0,
Spatial variation,Emilia Rizzi,,,Pilli Pipa,5,CCA,3.2,,5.5,2.3,
Spatial variation,Emilia Rizzi,,,Pilli Pipa,5,Cyanobacteria,#N/A,,#N/A,0,
Spatial variation,Emilia Rizzi,,,Pilli Pipa,5,Green algae,#N/A,,#N/A,0,
Spatial variation,Emilia Rizzi,,,Pilli Pipa,5,Mussels,#N/A,,#N/A,0,
Spatial variation,Emilia Rizzi,,,Pilli Pipa,5,Other,#N/A,,#N/A,0,
Spatial variation,Emilia Rizzi,,,Pilli Pipa,5,Soft Coral,#N/A,,#N/A,0,
Spatial variation,Emilia Rizzi,,,Pilli Pipa,5,Sponges,#N/A,,#N/A,0,
Spatial variation,Emilia Rizzi,,,Pilli Pipa,5,Tunicates,#N/A,,#N/A,0,
Spatial variation,Emilia Rizzi,,,Pilli Pipa,5,Turf,3.4,,12,8.6,
Spatial variation,Emilia Rizzi,,,Pilli Pipa,6,Barnacles,3.1,,4.3,1.2,
Spatial variation,Emilia Rizzi,,,Pilli Pipa,6,Brown algae,3.3,,3.6,0.3,
Spatial variation,Emilia Rizzi,,,Pilli Pipa,6,CCA,3.1,,6.6,3.5,
Spatial variation,Emilia Rizzi,,,Pilli Pipa,6,Cyanobacteria,#N/A,,#N/A,0,
Spatial variation,Emilia Rizzi,,,Pilli Pipa,6,Green algae,#N/A,,#N/A,0,
Spatial variation,Emilia Rizzi,,,Pilli Pipa,6,Mussels,#N/A,,#N/A,0,
Spatial variation,Emilia Rizzi,,,Pilli Pipa,6,Other,#N/A,,#N/A,0,
Spatial variation,Emilia Rizzi,,,Pilli Pipa,6,Soft Coral,#N/A,,#N/A,0,
Spatial variation,Emilia Rizzi,,,Pilli Pipa,6,Sponges,#N/A,,#N/A,0,
Spatial variation,Emilia Rizzi,,,Pilli Pipa,6,Tunicates,#N/A,,#N/A,0,
Spatial variation,Emilia Rizzi,,,Pilli Pipa,6,Turf,3,,11.8,8.8,
Spatial variation,Emilia Rizzi,,,Pilli Pipa,7,Barnacles,3.2,,6.1,2.9,
Spatial variation,Emilia Rizzi,,,Pilli Pipa,7,Brown algae,#N/A,,#N/A,0,
Spatial variation,Emilia Rizzi,,,Pilli Pipa,7,CCA,3.3,,5.4,2.1,
Spatial variation,Emilia Rizzi,,,Pilli Pipa,7,Cyanobacteria,#N/A,,#N/A,0,
Spatial variation,Emilia Rizzi,,,Pilli Pipa,7,Green algae,#N/A,,#N/A,0,
Spatial variation,Emilia Rizzi,,,Pilli Pipa,7,Mussels,#N/A,,#N/A,0,
Spatial variation,Emilia Rizzi,,,Pilli Pipa,7,Other,#N/A,,#N/A,0,
Spatial variation,Emilia Rizzi,,,Pilli Pipa,7,Soft Coral,#N/A,,#N/A,0,
Spatial variation,Emilia Rizzi,,,Pilli Pipa,7,Sponges,#N/A,,#N/A,0,
Spatial variation,Emilia Rizzi,,,Pilli Pipa,7,Tunicates,#N/A,,#N/A,0,
Spatial variation,Emilia Rizzi,,,Pilli Pipa,7,Turf,3.4,,9.7,6.3,
Spatial variation,Emilia Rizzi,,,Pilli Pipa,8,Barnacles,3.1,,9.7,6.6,
Spatial variation,Emilia Rizzi,,,Pilli Pipa,8,Brown algae,#N/A,,#N/A,0,
Spatial variation,Emilia Rizzi,,,Pilli Pipa,8,CCA,3.6,,6,2.4,
Spatial variation,Emilia Rizzi,,,Pilli Pipa,8,Cyanobacteria,#N/A,,#N/A,0,
Spatial variation,Emilia Rizzi,,,Pilli Pipa,8,Green algae,#N/A,,#N/A,0,
Spatial variation,Emilia Rizzi,,,Pilli Pipa,8,Mussels,#N/A,,#N/A,0,
Spatial variation,Emilia Rizzi,,,Pilli Pipa,8,Other,#N/A,,#N/A,0,
Spatial variation,Emilia Rizzi,,,Pilli Pipa,8,Soft Coral,#N/A,,#N/A,0,
Spatial variation,Emilia Rizzi,,,Pilli Pipa,8,Sponges,#N/A,,#N/A,0,
Spatial variation,Emilia Rizzi,,,Pilli Pipa,8,Tunicates,#N/A,,#N/A,0,
Spatial variation,Emilia Rizzi,,,Pilli Pipa,8,Turf,3.2,,6.8,3.6,
Spatial variation,Emilia Rizzi,,,Firefly,1,Barnacles,3.3,,7.3,4,
Spatial variation,Emilia Rizzi,,,Firefly,1,Brown algae,5.5,,5.9,0.4,
Spatial variation,Emilia Rizzi,,,Firefly,1,CCA,5.3,,5.9,0.6,
Spatial variation,Emilia Rizzi,,,Firefly,1,Cyanobacteria,#N/A,,#N/A,0,
Spatial variation,Emilia Rizzi,,,Firefly,1,Green algae,#N/A,,#N/A,0,
Spatial variation,Emilia Rizzi,,,Firefly,1,Mussels,#N/A,,#N/A,0,
Spatial variation,Emilia Rizzi,,,Firefly,1,Other,#N/A,,#N/A,0,
Spatial variation,Emilia Rizzi,,,Firefly,1,Soft Coral,#N/A,,#N/A,0,
Spatial variation,Emilia Rizzi,,,Firefly,1,Sponges,#N/A,,#N/A,0,
Spatial variation,Emilia Rizzi,,,Firefly,1,Tunicates,#N/A,,#N/A,0,
Spatial variation,Emilia Rizzi,,,Firefly,1,Turf,5.4,,18.6,13.2,
Spatial variation,Emilia Rizzi,,,Firefly,2,Barnacles,3.3,,24.9,21.6,
Spatial variation,Emilia Rizzi,,,Firefly,2,Brown algae,11,,31.6,20.6,
Spatial variation,Emilia Rizzi,,,Firefly,2,CCA,3.1,,7,3.9,
Spatial variation,Emilia Rizzi,,,Firefly,2,Cyanobacteria,#N/A,,#N/A,0,
Spatial variation,Emilia Rizzi,,,Firefly,2,Green algae,6.5,,6.6,0.1,Negative value changed to mimum positive: +0.1
Spatial variation,Emilia Rizzi,,,Firefly,2,Mussels,#N/A,,#N/A,0,
Spatial variation,Emilia Rizzi,,,Firefly,2,Other,#N/A,,#N/A,0,
Spatial variation,Emilia Rizzi,,,Firefly,2,Soft Coral,#N/A,,#N/A,0,
Spatial variation,Emilia Rizzi,,,Firefly,2,Sponges,#N/A,,#N/A,0,
Spatial variation,Emilia Rizzi,,,Firefly,2,Tunicates,#N/A,,#N/A,0,
Spatial variation,Emilia Rizzi,,,Firefly,2,Turf,3.1,,6.8,3.7,
Spatial variation,Emilia Rizzi,,,Firefly,3,Barnacles,3.2,,6.5,3.3,
Spatial variation,Emilia Rizzi,,,Firefly,3,Brown algae,10.1,,24.3,14.2,
Spatial variation,Emilia Rizzi,,,Firefly,3,CCA,3.3,,7.1,3.8,
Spatial variation,Emilia Rizzi,,,Firefly,3,Cyanobacteria,#N/A,,#N/A,0,
Spatial variation,Emilia Rizzi,,,Firefly,3,Green algae,#N/A,,#N/A,0,
Spatial variation,Emilia Rizzi,,,Firefly,3,Mussels,#N/A,,#N/A,0,
Spatial variation,Emilia Rizzi,,,Firefly,3,Other,#N/A,,#N/A,0,
Spatial variation,Emilia Rizzi,,,Firefly,3,Soft Coral,#N/A,,#N/A,0,
Spatial variation,Emilia Rizzi,,,Firefly,3,Sponges,#N/A,,#N/A,0,
Spatial variation,Emilia Rizzi,,,Firefly,3,Tunicates,#N/A,,#N/A,0,
Spatial variation,Emilia Rizzi,,,Firefly,3,Turf,3.3,,15,11.7,
Spatial variation,Emilia Rizzi,,,Firefly,4,Barnacles,3.3,,6.1,2.8,
Spatial variation,Emilia Rizzi,,,Firefly,4,Brown algae,3.6,,5.9,2.3,
Spatial variation,Emilia Rizzi,,,Firefly,4,CCA,3.1,,5.6,2.5,
Spatial variation,Emilia Rizzi,,,Firefly,4,Cyanobacteria,#N/A,,#N/A,0,
Spatial variation,Emilia Rizzi,,,Firefly,4,Green algae,3.1,,4.3,1.2,
Spatial variation,Emilia Rizzi,,,Firefly,4,Mussels,3,,3.6,0.6,
Spatial variation,Emilia Rizzi,,,Firefly,4,Other,#N/A,,#N/A,0,
Spatial variation,Emilia Rizzi,,,Firefly,4,Soft Coral,#N/A,,#N/A,0,
Spatial variation,Emilia Rizzi,,,Firefly,4,Sponges,#N/A,,#N/A,0,
Spatial variation,Emilia Rizzi,,,Firefly,4,Tunicates,#N/A,,#N/A,0,
Spatial variation,Emilia Rizzi,,,Firefly,4,Turf,3.1,,17.6,14.5,
Spatial variation,Emilia Rizzi,,,Firefly,5,Barnacles,3,,35.5,32.5,
Spatial variation,Emilia Rizzi,,,Firefly,5,Brown algae,10.9,,43.5,32.6,
Spatial variation,Emilia Rizzi,,,Firefly,5,CCA,3.2,,5.5,2.3,
Spatial variation,Emilia Rizzi,,,Firefly,5,Cyanobacteria,#N/A,,#N/A,0,
Spatial variation,Emilia Rizzi,,,Firefly,5,Green algae,3.2,,3.4,0.2,
Spatial variation,Emilia Rizzi,,,Firefly,5,Mussels,#N/A,,#N/A,0,
Spatial variation,Emilia Rizzi,,,Firefly,5,Other,3.2,,4.3,1.1,
Spatial variation,Emilia Rizzi,,,Firefly,5,Soft Coral,#N/A,,#N/A,0,
Spatial variation,Emilia Rizzi,,,Firefly,5,Sponges,#N/A,,#N/A,0,
Spatial variation,Emilia Rizzi,,,Firefly,5,Tunicates,#N/A,,#N/A,0,
Spatial variation,Emilia Rizzi,,,Firefly,5,Turf,3,,10.6,7.6,
Spatial variation,Emilia Rizzi,,,Firefly,6,Barnacles,3.5,,19.3,15.8,
Spatial variation,Emilia Rizzi,,,Firefly,6,Brown algae,10.6,,24,13.4,
Spatial variation,Emilia Rizzi,,,Firefly,6,CCA,3.2,,4.2,1,
Spatial variation,Emilia Rizzi,,,Firefly,6,Cyanobacteria,#N/A,,#N/A,0,
Spatial variation,Emilia Rizzi,,,Firefly,6,Green algae,3,,3.1,0.1,
Spatial variation,Emilia Rizzi,,,Firefly,6,Mussels,#N/A,,#N/A,0,
Spatial variation,Emilia Rizzi,,,Firefly,6,Other,#N/A,,#N/A,0,
Spatial variation,Emilia Rizzi,,,Firefly,6,Soft Coral,#N/A,,#N/A,0,
Spatial variation,Emilia Rizzi,,,Firefly,6,Sponges,#N/A,,#N/A,0,
Spatial variation,Emilia Rizzi,,,Firefly,6,Tunicates,#N/A,,#N/A,0,
Spatial variation,Emilia Rizzi,,,Firefly,6,Turf,3.6,,11,7.4,
Spatial variation,Emilia Rizzi,,,Firefly,7,Barnacles,3.4,,37.6,34.2,
Spatial variation,Emilia Rizzi,,,Firefly,7,Brown algae,22.2,,68.4,46.2,
Spatial variation,Emilia Rizzi,,,Firefly,7,CCA,3.2,,4.8,1.6,
Spatial variation,Emilia Rizzi,,,Firefly,7,Cyanobacteria,#N/A,,#N/A,0,
Spatial variation,Emilia Rizzi,,,Firefly,7,Green algae,#N/A,,#N/A,0,
Spatial variation,Emilia Rizzi,,,Firefly,7,Mussels,#N/A,,#N/A,0,
Spatial variation,Emilia Rizzi,,,Firefly,7,Other,#N/A,,#N/A,0,
Spatial variation,Emilia Rizzi,,,Firefly,7,Soft Coral,#N/A,,#N/A,0,
Spatial variation,Emilia Rizzi,,,Firefly,7,Sponges,#N/A,,#N/A,0,
Spatial variation,Emilia Rizzi,,,Firefly,7,Tunicates,#N/A,,#N/A,0,
Spatial variation,Emilia Rizzi,,,Firefly,7,Turf,3.5,,7.2,3.7,
Spatial variation,Emilia Rizzi,,,Firefly,8,Barnacles,6.5,,38.3,31.8,
Spatial variation,Emilia Rizzi,,,Firefly,8,Brown algae,#N/A,,#N/A,0,
Spatial variation,Emilia Rizzi,,,Firefly,8,CCA,6.3,,7.1,0.8,
Spatial variation,Emilia Rizzi,,,Firefly,8,Cyanobacteria,#N/A,,#N/A,0,
Spatial variation,Emilia Rizzi,,,Firefly,8,Green algae,#N/A,,#N/A,0,
Spatial variation,Emilia Rizzi,,,Firefly,8,Mussels,#N/A,,#N/A,0,
Spatial variation,Emilia Rizzi,,,Firefly,8,Other,#N/A,,#N/A,0,
Spatial variation,Emilia Rizzi,,,Firefly,8,Soft Coral,#N/A,,#N/A,0,
Spatial variation,Emilia Rizzi,,,Firefly,8,Sponges,#N/A,,#N/A,0,
Spatial variation,Emilia Rizzi,,,Firefly,8,Tunicates,#N/A,,#N/A,0,
Spatial variation,Emilia Rizzi,,,Firefly,8,Turf,6.3,,18.4,12.1,
Spatial variation,Emilia Rizzi,,,Lower Mpunguti,1,Barnacles,3.1,,4.2,1.1,
Spatial variation,Emilia Rizzi,,,Lower Mpunguti,1,Brown algae,#N/A,,#N/A,0,
Spatial variation,Emilia Rizzi,,,Lower Mpunguti,1,CCA,3.1,,9.1,6,
Spatial variation,Emilia Rizzi,,,Lower Mpunguti,1,Cyanobacteria,#N/A,,#N/A,0,
Spatial variation,Emilia Rizzi,,,Lower Mpunguti,1,Green algae,#N/A,,#N/A,0,
Spatial variation,Emilia Rizzi,,,Lower Mpunguti,1,Mussels,#N/A,,#N/A,0,
Spatial variation,Emilia Rizzi,,,Lower Mpunguti,1,Other,#N/A,,#N/A,0,
Spatial variation,Emilia Rizzi,,,Lower Mpunguti,1,Soft Coral,#N/A,,#N/A,0,
Spatial variation,Emilia Rizzi,,,Lower Mpunguti,1,Sponges,#N/A,,#N/A,0,
Spatial variation,Emilia Rizzi,,,Lower Mpunguti,1,Tunicates,#N/A,,#N/A,0,
Spatial variation,Emilia Rizzi,,,Lower Mpunguti,1,Turf,3.4,,3.6,0.2,
Spatial variation,Emilia Rizzi,,,Lower Mpunguti,2,Barnacles,3.3,,3.5,0.2,
Spatial variation,Emilia Rizzi,,,Lower Mpunguti,2,Brown algae,#N/A,,#N/A,0,
Spatial variation,Emilia Rizzi,,,Lower Mpunguti,2,CCA,3.1,,8.7,5.6,
Spatial variation,Emilia Rizzi,,,Lower Mpunguti,2,Cyanobacteria,#N/A,,#N/A,0,
Spatial variation,Emilia Rizzi,,,Lower Mpunguti,2,Green algae,#N/A,,#N/A,0,
Spatial variation,Emilia Rizzi,,,Lower Mpunguti,2,Mussels,#N/A,,#N/A,0,
Spatial variation,Emilia Rizzi,,,Lower Mpunguti,2,Other,#N/A,,#N/A,0,
Spatial variation,Emilia Rizzi,,,Lower Mpunguti,2,Soft Coral,#N/A,,#N/A,0,
Spatial variation,Emilia Rizzi,,,Lower Mpunguti,2,Sponges,#N/A,,#N/A,0,
Spatial variation,Emilia Rizzi,,,Lower Mpunguti,2,Tunicates,#N/A,,#N/A,0,
Spatial variation,Emilia Rizzi,,,Lower Mpunguti,2,Turf,3.3,,3.4,0.1,Zero value changed to mimum positive: +0.1
Spatial variation,Emilia Rizzi,,,Lower Mpunguti,3,Barnacles,3.3,,4.5,1.2,
Spatial variation,Emilia Rizzi,,,Lower Mpunguti,3,Brown algae,#N/A,,#N/A,0,
Spatial variation,Emilia Rizzi,,,Lower Mpunguti,3,CCA,3.4,,5.7,2.3,
Spatial variation,Emilia Rizzi,,,Lower Mpunguti,3,Cyanobacteria,#N/A,,#N/A,0,
Spatial variation,Emilia Rizzi,,,Lower Mpunguti,3,Green algae,#N/A,,#N/A,0,
Spatial variation,Emilia Rizzi,,,Lower Mpunguti,3,Mussels,#N/A,,#N/A,0,
Spatial variation,Emilia Rizzi,,,Lower Mpunguti,3,Other,#N/A,,#N/A,0,
Spatial variation,Emilia Rizzi,,,Lower Mpunguti,3,Soft Coral,#N/A,,#N/A,0,
Spatial variation,Emilia Rizzi,,,Lower Mpunguti,3,Sponges,3.2,,3.4,0.2,
Spatial variation,Emilia Rizzi,,,Lower Mpunguti,3,Tunicates,#N/A,,#N/A,0,
Spatial variation,Emilia Rizzi,,,Lower Mpunguti,3,Turf,3.2,,11.1,7.9,
Spatial variation,Emilia Rizzi,,,Lower Mpunguti,4,Barnacles,3.2,,4.3,1.1,
Spatial variation,Emilia Rizzi,,,Lower Mpunguti,4,Brown algae,3.3,,3.4,0.1,Zero value changed to mimum positive: +0.1
Spatial variation,Emilia Rizzi,,,Lower Mpunguti,4,CCA,3.4,,9.2,5.8,
Spatial variation,Emilia Rizzi,,,Lower Mpunguti,4,Cyanobacteria,3.3,,3.4,0.1,Zero value changed to mimum positive: +0.1
Spatial variation,Emilia Rizzi,,,Lower Mpunguti,4,Green algae,#N/A,,#N/A,0,
Spatial variation,Emilia Rizzi,,,Lower Mpunguti,4,Mussels,#N/A,,#N/A,0,
Spatial variation,Emilia Rizzi,,,Lower Mpunguti,4,Other,#N/A,,#N/A,0,
Spatial variation,Emilia Rizzi,,,Lower Mpunguti,4,Soft Coral,#N/A,,#N/A,0,
Spatial variation,Emilia Rizzi,,,Lower Mpunguti,4,Sponges,#N/A,,#N/A,0,
Spatial variation,Emilia Rizzi,,,Lower Mpunguti,4,Tunicates,3.2,,3.3,0.1,Negative value changed to mimum positive: +0.1
Spatial variation,Emilia Rizzi,,,Lower Mpunguti,4,Turf,3.3,,6.6,3.3,
Spatial variation,Emilia Rizzi,,,Lower Mpunguti,5,Barnacles,3.1,,6,2.9,
Spatial variation,Emilia Rizzi,,,Lower Mpunguti,5,Brown algae,#N/A,,#N/A,0,
Spatial variation,Emilia Rizzi,,,Lower Mpunguti,5,CCA,2.1,,10.1,8,
Spatial variation,Emilia Rizzi,,,Lower Mpunguti,5,Cyanobacteria,#N/A,,#N/A,0,
Spatial variation,Emilia Rizzi,,,Lower Mpunguti,5,Green algae,#N/A,,#N/A,0,
Spatial variation,Emilia Rizzi,,,Lower Mpunguti,5,Mussels,2,,2.3,0.3,
Spatial variation,Emilia Rizzi,,,Lower Mpunguti,5,Other,#N/A,,#N/A,0,
Spatial variation,Emilia Rizzi,,,Lower Mpunguti,5,Soft Coral,#N/A,,#N/A,0,
Spatial variation,Emilia Rizzi,,,Lower Mpunguti,5,Sponges,#N/A,,#N/A,0,
Spatial variation,Emilia Rizzi,,,Lower Mpunguti,5,Tunicates,#N/A,,#N/A,0,
Spatial variation,Emilia Rizzi,,,Lower Mpunguti,5,Turf,1.8,,2.2,0.4,
Spatial variation,Emilia Rizzi,,,Lower Mpunguti,6,Barnacles,1.9,,2.2,0.3,
Spatial variation,Emilia Rizzi,,,Lower Mpunguti,6,Brown algae,#N/A,,#N/A,0,
Spatial variation,Emilia Rizzi,,,Lower Mpunguti,6,CCA,2,,7.8,5.8,
Spatial variation,Emilia Rizzi,,,Lower Mpunguti,6,Cyanobacteria,2,,2.1,0.1,Zero value changed to mimum positive: +0.1
Spatial variation,Emilia Rizzi,,,Lower Mpunguti,6,Green algae,#N/A,,#N/A,0,
Spatial variation,Emilia Rizzi,,,Lower Mpunguti,6,Mussels,#N/A,,#N/A,0,
Spatial variation,Emilia Rizzi,,,Lower Mpunguti,6,Other,#N/A,,#N/A,0,
Spatial variation,Emilia Rizzi,,,Lower Mpunguti,6,Soft Coral,#N/A,,#N/A,0,
Spatial variation,Emilia Rizzi,,,Lower Mpunguti,6,Sponges,#N/A,,#N/A,0,
Spatial variation,Emilia Rizzi,,,Lower Mpunguti,6,Tunicates,#N/A,,#N/A,0,
Spatial variation,Emilia Rizzi,,,Lower Mpunguti,6,Turf,1.9,,3.1,1.2,
Spatial variation,Emilia Rizzi,,,Lower Mpunguti,7,Barnacles,1.9,,2.1,0.2,
Spatial variation,Emilia Rizzi,,,Lower Mpunguti,7,Brown algae,#N/A,,#N/A,0,
Spatial variation,Emilia Rizzi,,,Lower Mpunguti,7,CCA,1.9,,5.6,3.7,
Spatial variation,Emilia Rizzi,,,Lower Mpunguti,7,Cyanobacteria,#N/A,,#N/A,0,
Spatial variation,Emilia Rizzi,,,Lower Mpunguti,7,Green algae,#N/A,,#N/A,0,
Spatial variation,Emilia Rizzi,,,Lower Mpunguti,7,Mussels,#N/A,,#N/A,0,
Spatial variation,Emilia Rizzi,,,Lower Mpunguti,7,Other,#N/A,,#N/A,0,
Spatial variation,Emilia Rizzi,,,Lower Mpunguti,7,Soft Coral,#N/A,,#N/A,0,
Spatial variation,Emilia Rizzi,,,Lower Mpunguti,7,Sponges,#N/A,,#N/A,0,
Spatial variation,Emilia Rizzi,,,Lower Mpunguti,7,Tunicates,#N/A,,#N/A,0,
Spatial variation,Emilia Rizzi,,,Lower Mpunguti,7,Turf,1.8,,2.7,0.9,
Spatial variation,Emilia Rizzi,,,Lower Mpunguti,8,Barnacles,#N/A,,#N/A,0,
Spatial variation,Emilia Rizzi,,,Lower Mpunguti,8,Brown algae,6.4,,6.5,0.1,
Spatial variation,Emilia Rizzi,,,Lower Mpunguti,8,CCA,6.2,,15,8.8,
Spatial variation,Emilia Rizzi,,,Lower Mpunguti,8,Cyanobacteria,6.5,,6.9,0.4,
Spatial variation,Emilia Rizzi,,,Lower Mpunguti,8,Green algae,6.5,,6.6,0.1,Negative value changed to mimum positive: +0.1
Spatial variation,Emilia Rizzi,,,Lower Mpunguti,8,Mussels,#N/A,,#N/A,0,
Spatial variation,Emilia Rizzi,,,Lower Mpunguti,8,Other,#N/A,,#N/A,0,
Spatial variation,Emilia Rizzi,,,Lower Mpunguti,8,Soft Coral,#N/A,,#N/A,0,
Spatial variation,Emilia Rizzi,,,Lower Mpunguti,8,Sponges,#N/A,,#N/A,0,
Spatial variation,Emilia Rizzi,,,Lower Mpunguti,8,Tunicates,2,,2.3,0.3,
Spatial variation,Emilia Rizzi,,,Lower Mpunguti,8,Turf,6.3,,6.6,0.3,
Spatial variation,Emilia Rizzi,,,Dolphin Point,1,Barnacles,6.5,,7,0.5,
Spatial variation,Emilia Rizzi,,,Dolphin Point,1,Brown algae,#N/A,,#N/A,0,
Spatial variation,Emilia Rizzi,,,Dolphin Point,1,CCA,6.7,,17.4,10.7,
Spatial variation,Emilia Rizzi,,,Dolphin Point,1,Cyanobacteria,#N/A,,#N/A,0,
Spatial variation,Emilia Rizzi,,,Dolphin Point,1,Green algae,#N/A,,#N/A,0,
Spatial variation,Emilia Rizzi,,,Dolphin Point,1,Mussels,#N/A,,#N/A,0,
Spatial variation,Emilia Rizzi,,,Dolphin Point,1,Other,#N/A,,#N/A,0,
Spatial variation,Emilia Rizzi,,,Dolphin Point,1,Soft Coral,#N/A,,#N/A,0,
Spatial variation,Emilia Rizzi,,,Dolphin Point,1,Sponges,#N/A,,#N/A,0,
Spatial variation,Emilia Rizzi,,,Dolphin Point,1,Tunicates,#N/A,,#N/A,0,
Spatial variation,Emilia Rizzi,,,Dolphin Point,1,Turf,6.4,,7,0.6,
Spatial variation,Emilia Rizzi,,,Dolphin Point,2,Barnacles,6,,6.7,0.7,
Spatial variation,Emilia Rizzi,,,Dolphin Point,2,Brown algae,5.7,,5.8,0.1,
Spatial variation,Emilia Rizzi,,,Dolphin Point,2,CCA,5.4,,11.6,6.2,
Spatial variation,Emilia Rizzi,,,Dolphin Point,2,Cyanobacteria,#N/A,,#N/A,0,
Spatial variation,Emilia Rizzi,,,Dolphin Point,2,Green algae,#N/A,,#N/A,0,
Spatial variation,Emilia Rizzi,,,Dolphin Point,2,Mussels,#N/A,,#N/A,0,
Spatial variation,Emilia Rizzi,,,Dolphin Point,2,Other,#N/A,,#N/A,0,
Spatial variation,Emilia Rizzi,,,Dolphin Point,2,Soft Coral,#N/A,,#N/A,0,
Spatial variation,Emilia Rizzi,,,Dolphin Point,2,Sponges,#N/A,,#N/A,0,
Spatial variation,Emilia Rizzi,,,Dolphin Point,2,Tunicates,#N/A,,#N/A,0,
Spatial variation,Emilia Rizzi,,,Dolphin Point,2,Turf,5.8,,6,0.2,
Spatial variation,Emilia Rizzi,,,Dolphin Point,3,Barnacles,#N/A,,#N/A,0,
Spatial variation,Emilia Rizzi,,,Dolphin Point,3,Brown algae,5.8,,6.2,0.4,
Spatial variation,Emilia Rizzi,,,Dolphin Point,3,CCA,5.6,,12.7,7.1,
Spatial variation,Emilia Rizzi,,,Dolphin Point,3,Cyanobacteria,#N/A,,#N/A,0,
Spatial variation,Emilia Rizzi,,,Dolphin Point,3,Green algae,#N/A,,#N/A,0,
Spatial variation,Emilia Rizzi,,,Dolphin Point,3,Mussels,#N/A,,#N/A,0,
Spatial variation,Emilia Rizzi,,,Dolphin Point,3,Other,#N/A,,#N/A,0,
Spatial variation,Emilia Rizzi,,,Dolphin Point,3,Soft Coral,#N/A,,#N/A,0,
Spatial variation,Emilia Rizzi,,,Dolphin Point,3,Sponges,#N/A,,#N/A,0,
Spatial variation,Emilia Rizzi,,,Dolphin Point,3,Tunicates,#N/A,,#N/A,0,
Spatial variation,Emilia Rizzi,,,Dolphin Point,3,Turf,5.8,,6,0.2,
Spatial variation,Emilia Rizzi,,,Dolphin Point,4,Barnacles,#N/A,,#N/A,0,
Spatial variation,Emilia Rizzi,,,Dolphin Point,4,Brown algae,#N/A,,#N/A,0,
Spatial variation,Emilia Rizzi,,,Dolphin Point,4,CCA,6.4,,12.8,6.4,
Spatial variation,Emilia Rizzi,,,Dolphin Point,4,Cyanobacteria,#N/A,,#N/A,0,
Spatial variation,Emilia Rizzi,,,Dolphin Point,4,Green algae,#N/A,,#N/A,0,
Spatial variation,Emilia Rizzi,,,Dolphin Point,4,Mussels,#N/A,,#N/A,0,
Spatial variation,Emilia Rizzi,,,Dolphin Point,4,Other,#N/A,,#N/A,0,
Spatial variation,Emilia Rizzi,,,Dolphin Point,4,Soft Coral,#N/A,,#N/A,0,
Spatial variation,Emilia Rizzi,,,Dolphin Point,4,Sponges,#N/A,,#N/A,0,
Spatial variation,Emilia Rizzi,,,Dolphin Point,4,Tunicates,#N/A,,#N/A,0,
Spatial variation,Emilia Rizzi,,,Dolphin Point,4,Turf,6.3,,6.3,0,
Spatial variation,Emilia Rizzi,,,Dolphin Point,5,Barnacles,6.3,,6.7,0.4,
Spatial variation,Emilia Rizzi,,,Dolphin Point,5,Brown algae,#N/A,,#N/A,0,
Spatial variation,Emilia Rizzi,,,Dolphin Point,5,CCA,6.3,,15.5,9.2,
Spatial variation,Emilia Rizzi,,,Dolphin Point,5,Cyanobacteria,#N/A,,#N/A,0,
Spatial variation,Emilia Rizzi,,,Dolphin Point,5,Green algae,6.3,,6.4,0.1,
Spatial variation,Emilia Rizzi,,,Dolphin Point,5,Mussels,#N/A,,#N/A,0,
Spatial variation,Emilia Rizzi,,,Dolphin Point,5,Other,#N/A,,#N/A,0,
Spatial variation,Emilia Rizzi,,,Dolphin Point,5,Soft Coral,#N/A,,#N/A,0,
Spatial variation,Emilia Rizzi,,,Dolphin Point,5,Sponges,#N/A,,#N/A,0,
Spatial variation,Emilia Rizzi,,,Dolphin Point,5,Tunicates,#N/A,,#N/A,0,
Spatial variation,Emilia Rizzi,,,Dolphin Point,5,Turf,6.4,,6.7,0.3,
Spatial variation,Emilia Rizzi,,,Dolphin Point,6,Barnacles,6.7,,8.6,1.9,
Spatial variation,Emilia Rizzi,,,Dolphin Point,6,Brown algae,#N/A,,#N/A,0,
Spatial variation,Emilia Rizzi,,,Dolphin Point,6,CCA,6.2,,15,8.8,
Spatial variation,Emilia Rizzi,,,Dolphin Point,6,Cyanobacteria,#N/A,,#N/A,0,
Spatial variation,Emilia Rizzi,,,Dolphin Point,6,Green algae,6.4,,6.5,0.1,Zero value changed to mimum positive: +0.1
Spatial variation,Emilia Rizzi,,,Dolphin Point,6,Mussels,#N/A,,#N/A,0,
Spatial variation,Emilia Rizzi,,,Dolphin Point,6,Other,#N/A,,#N/A,0,
Spatial variation,Emilia Rizzi,,,Dolphin Point,6,Soft Coral,#N/A,,#N/A,0,
Spatial variation,Emilia Rizzi,,,Dolphin Point,6,Sponges,#N/A,,#N/A,0,
Spatial variation,Emilia Rizzi,,,Dolphin Point,6,Tunicates,#N/A,,#N/A,0,
Spatial variation,Emilia Rizzi,,,Dolphin Point,6,Turf,6.4,,6.8,0.4,
Spatial variation,Emilia Rizzi,,,Dolphin Point,7,Barnacles,#N/A,,#N/A,0,
Spatial variation,Emilia Rizzi,,,Dolphin Point,7,Brown algae,6.3,,6.5,0.2,
Spatial variation,Emilia Rizzi,,,Dolphin Point,7,CCA,6.4,,17.3,10.9,
Spatial variation,Emilia Rizzi,,,Dolphin Point,7,Cyanobacteria,#N/A,,#N/A,0,
Spatial variation,Emilia Rizzi,,,Dolphin Point,7,Green algae,6.3,,6.4,0.1,
Spatial variation,Emilia Rizzi,,,Dolphin Point,7,Mussels,#N/A,,#N/A,0,
Spatial variation,Emilia Rizzi,,,Dolphin Point,7,Other,#N/A,,#N/A,0,
Spatial variation,Emilia Rizzi,,,Dolphin Point,7,Soft Coral,6.4,,7.3,0.9,
Spatial variation,Emilia Rizzi,,,Dolphin Point,7,Sponges,#N/A,,#N/A,0,
Spatial variation,Emilia Rizzi,,,Dolphin Point,7,Tunicates,#N/A,,#N/A,0,
Spatial variation,Emilia Rizzi,,,Dolphin Point,7,Turf,6.4,,7.1,0.7,
Spatial variation,Emilia Rizzi,,,Dolphin Point,8,Barnacles,#N/A,,#N/A,0,
Spatial variation,Emilia Rizzi,,,Dolphin Point,8,Brown algae,#N/A,,#N/A,0,
Spatial variation,Emilia Rizzi,,,Dolphin Point,8,CCA,9.8,,18.6,8.8,
Spatial variation,Emilia Rizzi,,,Dolphin Point,8,Cyanobacteria,#N/A,,#N/A,0,
Spatial variation,Emilia Rizzi,,,Dolphin Point,8,Green algae,#N/A,,#N/A,0,
Spatial variation,Emilia Rizzi,,,Dolphin Point,8,Mussels,#N/A,,#N/A,0,
Spatial variation,Emilia Rizzi,,,Dolphin Point,8,Other,#N/A,,#N/A,0,
Spatial variation,Emilia Rizzi,,,Dolphin Point,8,Soft Coral,6.4,,8.1,1.7,
Spatial variation,Emilia Rizzi,,,Dolphin Point,8,Sponges,#N/A,,#N/A,0,
Spatial variation,Emilia Rizzi,,,Dolphin Point,8,Tunicates,#N/A,,#N/A,0,
Spatial variation,Emilia Rizzi,,,Dolphin Point,8,Turf,6.4,,6.6,0.2,
Spatial variation,Emilia Rizzi,,,Kisite,1,Barnacles,#N/A,,#N/A,0,
Spatial variation,Emilia Rizzi,,,Kisite,1,Brown algae,#N/A,,#N/A,0,
Spatial variation,Emilia Rizzi,,,Kisite,1,CCA,10,,13.7,3.7,
Spatial variation,Emilia Rizzi,,,Kisite,1,Cyanobacteria,#N/A,,#N/A,0,
Spatial variation,Emilia Rizzi,,,Kisite,1,Green algae,#N/A,,#N/A,0,
Spatial variation,Emilia Rizzi,,,Kisite,1,Mussels,#N/A,,#N/A,0,
Spatial variation,Emilia Rizzi,,,Kisite,1,Other,#N/A,,#N/A,0,
Spatial variation,Emilia Rizzi,,,Kisite,1,Soft Coral,#N/A,,#N/A,0,
Spatial variation,Emilia Rizzi,,,Kisite,1,Sponges,9.7,,9.8,0.1,Zero value changed to mimum positive: +0.1
Spatial variation,Emilia Rizzi,,,Kisite,1,Tunicates,#N/A,,#N/A,0,
Spatial variation,Emilia Rizzi,,,Kisite,1,Turf,10,,10.2,0.2,
Spatial variation,Emilia Rizzi,,,Kisite,2,Barnacles,#N/A,,#N/A,0,
Spatial variation,Emilia Rizzi,,,Kisite,2,Brown algae,#N/A,,#N/A,0,
Spatial variation,Emilia Rizzi,,,Kisite,2,CCA,9.8,,18.2,8.4,
Spatial variation,Emilia Rizzi,,,Kisite,2,Cyanobacteria,#N/A,,#N/A,0,
Spatial variation,Emilia Rizzi,,,Kisite,2,Green algae,#N/A,,#N/A,0,
Spatial variation,Emilia Rizzi,,,Kisite,2,Mussels,#N/A,,#N/A,0,
Spatial variation,Emilia Rizzi,,,Kisite,2,Other,#N/A,,#N/A,0,
Spatial variation,Emilia Rizzi,,,Kisite,2,Soft Coral,#N/A,,#N/A,0,
Spatial variation,Emilia Rizzi,,,Kisite,2,Sponges,10,,12.4,2.4,
Spatial variation,Emilia Rizzi,,,Kisite,2,Tunicates,9.8,,9.9,0.1,
Spatial variation,Emilia Rizzi,,,Kisite,2,Turf,9.8,,10,0.2,
Spatial variation,Emilia Rizzi,,,Kisite,3,Barnacles,#N/A,,#N/A,0,
Spatial variation,Emilia Rizzi,,,Kisite,3,Brown algae,#N/A,,#N/A,0,
Spatial variation,Emilia Rizzi,,,Kisite,3,CCA,6.4,,13.7,7.3,
Spatial variation,Emilia Rizzi,,,Kisite,3,Cyanobacteria,#N/A,,#N/A,0,
Spatial variation,Emilia Rizzi,,,Kisite,3,Green algae,#N/A,,#N/A,0,
Spatial variation,Emilia Rizzi,,,Kisite,3,Mussels,9.8,,9.9,0.1,Zero value changed to mimum positive: +0.1
Spatial variation,Emilia Rizzi,,,Kisite,3,Other,#N/A,,#N/A,0,
Spatial variation,Emilia Rizzi,,,Kisite,3,Soft Coral,#N/A,,#N/A,0,
Spatial variation,Emilia Rizzi,,,Kisite,3,Sponges,#N/A,,#N/A,0,
Spatial variation,Emilia Rizzi,,,Kisite,3,Tunicates,#N/A,,#N/A,0,
Spatial variation,Emilia Rizzi,,,Kisite,3,Turf,9.8,,10.2,0.4,
Spatial variation,Emilia Rizzi,,,Kisite,4,Barnacles,#N/A,,#N/A,0,
Spatial variation,Emilia Rizzi,,,Kisite,4,Brown algae,#N/A,,#N/A,0,
Spatial variation,Emilia Rizzi,,,Kisite,4,CCA,6.2,,9.5,3.3,
Spatial variation,Emilia Rizzi,,,Kisite,4,Cyanobacteria,#N/A,,#N/A,0,
Spatial variation,Emilia Rizzi,,,Kisite,4,Green algae,#N/A,,#N/A,0,
Spatial variation,Emilia Rizzi,,,Kisite,4,Mussels,#N/A,,#N/A,0,
Spatial variation,Emilia Rizzi,,,Kisite,4,Other,#N/A,,#N/A,0,
Spatial variation,Emilia Rizzi,,,Kisite,4,Soft Coral,#N/A,,#N/A,0,
Spatial variation,Emilia Rizzi,,,Kisite,4,Sponges,#N/A,,#N/A,0,
Spatial variation,Emilia Rizzi,,,Kisite,4,Tunicates,#N/A,,#N/A,0,
Spatial variation,Emilia Rizzi,,,Kisite,4,Turf,6.3,,6.5,0.2,
Spatial variation,Emilia Rizzi,,,Kisite,5,Barnacles,#N/A,,#N/A,0,
Spatial variation,Emilia Rizzi,,,Kisite,5,Brown algae,6.4,,6.6,0.2,
Spatial variation,Emilia Rizzi,,,Kisite,5,CCA,6.4,,14.3,7.9,
Spatial variation,Emilia Rizzi,,,Kisite,5,Cyanobacteria,#N/A,,#N/A,0,
Spatial variation,Emilia Rizzi,,,Kisite,5,Green algae,#N/A,,#N/A,0,
Spatial variation,Emilia Rizzi,,,Kisite,5,Mussels,#N/A,,#N/A,0,
Spatial variation,Emilia Rizzi,,,Kisite,5,Other,#N/A,,#N/A,0,
Spatial variation,Emilia Rizzi,,,Kisite,5,Soft Coral,#N/A,,#N/A,0,
Spatial variation,Emilia Rizzi,,,Kisite,5,Sponges,#N/A,,#N/A,0,
Spatial variation,Emilia Rizzi,,,Kisite,5,Tunicates,6.3,,6.4,0.1,Zero value changed to mimum positive: +0.1
Spatial variation,Emilia Rizzi,,,Kisite,5,Turf,6.6,,6.7,0.1,
Spatial variation,Emilia Rizzi,,,Kisite,6,Barnacles,#N/A,,#N/A,0,
Spatial variation,Emilia Rizzi,,,Kisite,6,Brown algae,#N/A,,#N/A,0,
Spatial variation,Emilia Rizzi,,,Kisite,6,CCA,6.5,,10.3,3.8,
Spatial variation,Emilia Rizzi,,,Kisite,6,Cyanobacteria,#N/A,,#N/A,0,
Spatial variation,Emilia Rizzi,,,Kisite,6,Green algae,#N/A,,#N/A,0,
Spatial variation,Emilia Rizzi,,,Kisite,6,Mussels,#N/A,,#N/A,0,
Spatial variation,Emilia Rizzi,,,Kisite,6,Other,#N/A,,#N/A,0,
Spatial variation,Emilia Rizzi,,,Kisite,6,Soft Coral,#N/A,,#N/A,0,
Spatial variation,Emilia Rizzi,,,Kisite,6,Sponges,#N/A,,#N/A,0,
Spatial variation,Emilia Rizzi,,,Kisite,6,Tunicates,#N/A,,#N/A,0,
Spatial variation,Emilia Rizzi,,,Kisite,6,Turf,6.5,,6.6,0.1,
Spatial variation,Emilia Rizzi,,,Kisite,7,Barnacles,#N/A,,#N/A,0,
Spatial variation,Emilia Rizzi,,,Kisite,7,Brown algae,#N/A,,#N/A,0,
Spatial variation,Emilia Rizzi,,,Kisite,7,CCA,9.6,,15.8,6.2,
Spatial variation,Emilia Rizzi,,,Kisite,7,Cyanobacteria,#N/A,,#N/A,0,
Spatial variation,Emilia Rizzi,,,Kisite,7,Green algae,#N/A,,#N/A,0,
Spatial variation,Emilia Rizzi,,,Kisite,7,Mussels,#N/A,,#N/A,0,
Spatial variation,Emilia Rizzi,,,Kisite,7,Other,#N/A,,#N/A,0,
Spatial variation,Emilia Rizzi,,,Kisite,7,Soft Coral,#N/A,,#N/A,0,
Spatial variation,Emilia Rizzi,,,Kisite,7,Sponges,#N/A,,#N/A,0,
Spatial variation,Emilia Rizzi,,,Kisite,7,Tunicates,9.6,,9.9,0.3,
Spatial variation,Emilia Rizzi,,,Kisite,7,Turf,9.8,,10,0.2,
Spatial variation,Emilia Rizzi,,,Kisite,8,Barnacles,#N/A,,#N/A,0,
Spatial variation,Emilia Rizzi,,,Kisite,8,Brown algae,#N/A,,#N/A,0,
Spatial variation,Emilia Rizzi,,,Kisite,8,CCA,9.9,,15.5,5.6,
Spatial variation,Emilia Rizzi,,,Kisite,8,Cyanobacteria,#N/A,,#N/A,0,
Spatial variation,Emilia Rizzi,,,Kisite,8,Green algae,#N/A,,#N/A,0,
Spatial variation,Emilia Rizzi,,,Kisite,8,Mussels,#N/A,,#N/A,0,
Spatial variation,Emilia Rizzi,,,Kisite,8,Other,#N/A,,#N/A,0,
Spatial variation,Emilia Rizzi,,,Kisite,8,Soft Coral,#N/A,,#N/A,0,
Spatial variation,Emilia Rizzi,,,Kisite,8,Sponges,#N/A,,#N/A,0,
Spatial variation,Emilia Rizzi,,,Kisite,8,Tunicates,#N/A,,#N/A,0,
Spatial variation,Emilia Rizzi,,,Kisite,8,Turf,9.5,,9.9,0.4,
Spatial variation,Emilia Rizzi,,,Wasini,1,Barnacles,1.9,,2.2,0.3,
Spatial variation,Emilia Rizzi,,,Wasini,1,Brown algae,#N/A,,#N/A,0,
Spatial variation,Emilia Rizzi,,,Wasini,1,CCA,1.7,,4.2,2.5,
Spatial variation,Emilia Rizzi,,,Wasini,1,Cyanobacteria,#N/A,,#N/A,0,
Spatial variation,Emilia Rizzi,,,Wasini,1,Green algae,#N/A,,#N/A,0,
Spatial variation,Emilia Rizzi,,,Wasini,1,Mussels,#N/A,,#N/A,0,
Spatial variation,Emilia Rizzi,,,Wasini,1,Other,#N/A,,#N/A,0,
Spatial variation,Emilia Rizzi,,,Wasini,1,Soft Coral,#N/A,,#N/A,0,
Spatial variation,Emilia Rizzi,,,Wasini,1,Sponges,#N/A,,#N/A,0,
Spatial variation,Emilia Rizzi,,,Wasini,1,Tunicates,#N/A,,#N/A,0,
Spatial variation,Emilia Rizzi,,,Wasini,1,Turf,2,,2.4,0.4,
Spatial variation,Emilia Rizzi,,,Wasini,2,Barnacles,#N/A,,#N/A,0,
Spatial variation,Emilia Rizzi,,,Wasini,2,Brown algae,#N/A,,#N/A,0,
Spatial variation,Emilia Rizzi,,,Wasini,2,CCA,1.9,,7,5.1,
Spatial variation,Emilia Rizzi,,,Wasini,2,Cyanobacteria,#N/A,,#N/A,0,
Spatial variation,Emilia Rizzi,,,Wasini,2,Green algae,#N/A,,#N/A,0,
Spatial variation,Emilia Rizzi,,,Wasini,2,Mussels,1.9,,2,0.1,
Spatial variation,Emilia Rizzi,,,Wasini,2,Other,2.1,,2.2,0.1,Polychaete worms
Spatial variation,Emilia Rizzi,,,Wasini,2,Soft Coral,#N/A,,#N/A,0,
Spatial variation,Emilia Rizzi,,,Wasini,2,Sponges,#N/A,,#N/A,0,
Spatial variation,Emilia Rizzi,,,Wasini,2,Tunicates,#N/A,,#N/A,0,
Spatial variation,Emilia Rizzi,,,Wasini,2,Turf,1.8,,2.1,0.3,
Spatial variation,Emilia Rizzi,,,Wasini,3,Barnacles,2,,2.5,0.5,
Spatial variation,Emilia Rizzi,,,Wasini,3,Brown algae,#N/A,,#N/A,0,
Spatial variation,Emilia Rizzi,,,Wasini,3,CCA,1.8,,5.6,3.8,
Spatial variation,Emilia Rizzi,,,Wasini,3,Cyanobacteria,#N/A,,#N/A,0,
Spatial variation,Emilia Rizzi,,,Wasini,3,Green algae,#N/A,,#N/A,0,
Spatial variation,Emilia Rizzi,,,Wasini,3,Mussels,#N/A,,#N/A,0,
Spatial variation,Emilia Rizzi,,,Wasini,3,Other,#N/A,,#N/A,0,
Spatial variation,Emilia Rizzi,,,Wasini,3,Soft Coral,#N/A,,#N/A,0,
Spatial variation,Emilia Rizzi,,,Wasini,3,Sponges,#N/A,,#N/A,0,
Spatial variation,Emilia Rizzi,,,Wasini,3,Tunicates,#N/A,,#N/A,0,
Spatial variation,Emilia Rizzi,,,Wasini,3,Turf,2,,2.1,0.1,
Spatial variation,Emilia Rizzi,,,Wasini,4,Barnacles,2.1,,7.1,5,
Spatial variation,Emilia Rizzi,,,Wasini,4,Brown algae,#N/A,,#N/A,0,
Spatial variation,Emilia Rizzi,,,Wasini,4,CCA,5.4,,9.9,4.5,
Spatial variation,Emilia Rizzi,,,Wasini,4,Cyanobacteria,#N/A,,#N/A,0,
Spatial variation,Emilia Rizzi,,,Wasini,4,Green algae,#N/A,,#N/A,0,
Spatial variation,Emilia Rizzi,,,Wasini,4,Mussels,#N/A,,#N/A,0,
Spatial variation,Emilia Rizzi,,,Wasini,4,Other,#N/A,,#N/A,0,
Spatial variation,Emilia Rizzi,,,Wasini,4,Soft Coral,#N/A,,#N/A,0,
Spatial variation,Emilia Rizzi,,,Wasini,4,Sponges,#N/A,,#N/A,0,
Spatial variation,Emilia Rizzi,,,Wasini,4,Tunicates,#N/A,,#N/A,0,
Spatial variation,Emilia Rizzi,,,Wasini,4,Turf,1.9,,2.1,0.2,
Spatial variation,Emilia Rizzi,,,Wasini,5,Barnacles,5.5,,10.4,4.9,
Spatial variation,Emilia Rizzi,,,Wasini,5,Brown algae,#N/A,,#N/A,0,
Spatial variation,Emilia Rizzi,,,Wasini,5,CCA,5.6,,11.3,5.7,
Spatial variation,Emilia Rizzi,,,Wasini,5,Cyanobacteria,#N/A,,#N/A,0,
Spatial variation,Emilia Rizzi,,,Wasini,5,Green algae,#N/A,,#N/A,0,
Spatial variation,Emilia Rizzi,,,Wasini,5,Mussels,#N/A,,#N/A,0,
Spatial variation,Emilia Rizzi,,,Wasini,5,Other,#N/A,,#N/A,0,
Spatial variation,Emilia Rizzi,,,Wasini,5,Soft Coral,#N/A,,#N/A,0,
Spatial variation,Emilia Rizzi,,,Wasini,5,Sponges,#N/A,,#N/A,0,
Spatial variation,Emilia Rizzi,,,Wasini,5,Tunicates,#N/A,,#N/A,0,
Spatial variation,Emilia Rizzi,,,Wasini,5,Turf,4.8,,5.6,0.8,
Spatial variation,Emilia Rizzi,,,Wasini,6,Barnacles,6.4,,7.1,0.7,
Spatial variation,Emilia Rizzi,,,Wasini,6,Brown algae,#N/A,,#N/A,0,
Spatial variation,Emilia Rizzi,,,Wasini,6,CCA,6.3,,10.6,4.3,
Spatial variation,Emilia Rizzi,,,Wasini,6,Cyanobacteria,#N/A,,#N/A,0,
Spatial variation,Emilia Rizzi,,,Wasini,6,Green algae,#N/A,,#N/A,0,
Spatial variation,Emilia Rizzi,,,Wasini,6,Mussels,#N/A,,#N/A,0,
Spatial variation,Emilia Rizzi,,,Wasini,6,Other,#N/A,,#N/A,0,
Spatial variation,Emilia Rizzi,,,Wasini,6,Soft Coral,#N/A,,#N/A,0,
Spatial variation,Emilia Rizzi,,,Wasini,6,Sponges,#N/A,,#N/A,0,
Spatial variation,Emilia Rizzi,,,Wasini,6,Tunicates,#N/A,,#N/A,0,
Spatial variation,Emilia Rizzi,,,Wasini,6,Turf,5.6,,5.9,0.3,
Spatial variation,Emilia Rizzi,,,Wasini,7,Barnacles,6.5,,7.2,0.7,
Spatial variation,Emilia Rizzi,,,Wasini,7,Brown algae,#N/A,,#N/A,0,
Spatial variation,Emilia Rizzi,,,Wasini,7,CCA,9.9,,13.2,3.3,
Spatial variation,Emilia Rizzi,,,Wasini,7,Cyanobacteria,#N/A,,#N/A,0,
Spatial variation,Emilia Rizzi,,,Wasini,7,Green algae,#N/A,,#N/A,0,
Spatial variation,Emilia Rizzi,,,Wasini,7,Mussels,#N/A,,#N/A,0,
Spatial variation,Emilia Rizzi,,,Wasini,7,Other,#N/A,,#N/A,0,
Spatial variation,Emilia Rizzi,,,Wasini,7,Soft Coral,#N/A,,#N/A,0,
Spatial variation,Emilia Rizzi,,,Wasini,7,Sponges,#N/A,,#N/A,0,
Spatial variation,Emilia Rizzi,,,Wasini,7,Tunicates,#N/A,,#N/A,0,
Spatial variation,Emilia Rizzi,,,Wasini,7,Turf,6.2,,6.5,0.3,
Spatial variation,Emilia Rizzi,,,Wasini,8,Barnacles,#N/A,,#N/A,0,
Spatial variation,Emilia Rizzi,,,Wasini,8,Brown algae,#N/A,,#N/A,0,
Spatial variation,Emilia Rizzi,,,Wasini,8,CCA,5.7,,8.8,3.1,
Spatial variation,Emilia Rizzi,,,Wasini,8,Cyanobacteria,#N/A,,#N/A,0,
Spatial variation,Emilia Rizzi,,,Wasini,8,Green algae,#N/A,,#N/A,0,
Spatial variation,Emilia Rizzi,,,Wasini,8,Mussels,#N/A,,#N/A,0,
Spatial variation,Emilia Rizzi,,,Wasini,8,Other,#N/A,,#N/A,0,
Spatial variation,Emilia Rizzi,,,Wasini,8,Soft Coral,#N/A,,#N/A,0,
Spatial variation,Emilia Rizzi,,,Wasini,8,Sponges,#N/A,,#N/A,0,
Spatial variation,Emilia Rizzi,,,Wasini,8,Tunicates,#N/A,,#N/A,0,
Spatial variation,Emilia Rizzi,,,Wasini,8,Turf,5.5,,6.3,0.8,
